Artist Name(s),Need to Explore,Looked At,Artist Playlist,One of Each,Notes
Thrice,TRUE,FALSE,TRUE,The Weight,Still have a few albums to get through to catgegorize
Rise Against,FALSE,TRUE,TRUE,Survive,
Linkin Park,FALSE,TRUE,TRUE,Breaking the Habit,"Probably shouild check out some of the new stuff, eps and reanimation"
Eminem,FALSE,TRUE,TRUE,Rock Bottom,
Brand New,FALSE,TRUE,TRUE,I will Play my Game Beneath the Spin Light,
Kanye West,FALSE,FALSE,FALSE,,
System Of A Down,FALSE,TRUE,TRUE,Deer Dance,Need to listen to first album more
Say Anything,FALSE,FALSE,FALSE,,
AJJ,FALSE,FALSE,FALSE,,
Flobots,FALSE,TRUE,TRUE,Jetpack,
mewithoutYou,FALSE,FALSE,FALSE,,
Against Me!,FALSE,TRUE,TRUE,In Search for a former clarity,
Gogol Bordello,TRUE,TRUE,FALSE,Avenue B,Listened to my 3 favorite albums
Ludo,FALSE,TRUE,TRUE,Hello My Name Is Your TV,
Lupe Fiasco,FALSE,TRUE,TRUE,Put you on Game,
The Offspring,FALSE,TRUE,TRUE,The Kids are Alright,"Didn't listen to singles or compliation album, but think I got most of the good stuff"
Amigo the Devil,FALSE,TRUE,TRUE,Cocaine and Abel,
CAKE,FALSE,FALSE,FALSE,,
AFI,TRUE,TRUE,FALSE,This Time Imperfect,"Haven't really checked out anytiniug past december underground, should listen sometimes"
Fall Out Boy,FALSE,FALSE,FALSE,,
My Chemical Romance,FALSE,TRUE,TRUE,My Chemical Romance,
The Faint,FALSE,FALSE,FALSE,,
Kendrick Lamar,FALSE,TRUE,TRUE,The Heart Part 5,
Limp Bizkit,FALSE,FALSE,FALSE,,
Childish Gambino,FALSE,TRUE,FALSE,Be Alone,
Green Day,FALSE,FALSE,FALSE,,
Nas,TRUE,TRUE,TRUE,I Can,
50 Cent,FALSE,TRUE,TRUE,In Da Club,
Cake Bake Betty,FALSE,TRUE,FALSE,The Spine Song,
The Decemberists,FALSE,FALSE,FALSE,,
Bo Burnham,FALSE,FALSE,FALSE,,
D12,FALSE,FALSE,FALSE,,
La Dispute,TRUE,TRUE,FALSE,King Park,Need to listen to Panorma and Tiny Dots
Muse,FALSE,FALSE,FALSE,,
The White Stripes,FALSE,FALSE,FALSE,,
Beastie Boys,FALSE,FALSE,FALSE,,
Lil Yachty,FALSE,FALSE,FALSE,,
T.I.,FALSE,FALSE,FALSE,,
Weezer,FALSE,FALSE,FALSE,,
Aerosmith,FALSE,FALSE,FALSE,,
Andrew Bird,FALSE,FALSE,FALSE,,
Bright Eyes,FALSE,FALSE,FALSE,,
Immortal Technique,FALSE,TRUE,TRUE,Caught in the Hustle / Leaving the Past,
July Talk,FALSE,TRUE,FALSE,The Garden,
"Tyler, The Creator",FALSE,FALSE,FALSE,,
alt-J,FALSE,FALSE,FALSE,,
Flatbush Zombies,FALSE,FALSE,FALSE,,
Johnny Cash,FALSE,FALSE,FALSE,,
Lera Lynn,FALSE,FALSE,FALSE,,
Radiohead,FALSE,FALSE,FALSE,,
The National,FALSE,FALSE,FALSE,,
The Protomen,FALSE,FALSE,FALSE,,
Twenty One Pilots,FALSE,FALSE,FALSE,,
Aesop Rock,TRUE,TRUE,TRUE,Drums on the Wheel,"Still have a few albums I want to check out, especially newer stuff"
Armor For Sleep,FALSE,FALSE,FALSE,,
AWOLNATION,FALSE,FALSE,FALSE,,
Drake,FALSE,FALSE,FALSE,,
Foo Fighters,FALSE,FALSE,FALSE,,
The Airborne Toxic Event,FALSE,FALSE,FALSE,,
Gorillaz,FALSE,FALSE,FALSE,,
Harry Chapin,FALSE,FALSE,FALSE,,
JAY-Z,FALSE,FALSE,FALSE,,
McCafferty,FALSE,FALSE,FALSE,,
She Wants Revenge,FALSE,TRUE,FALSE,Tear You Apart,Didn't have kidnap sandy claws from special nightware before christmas album
Tech N9ne,FALSE,FALSE,FALSE,,
Tenacious D,FALSE,FALSE,FALSE,,
The Mountain Goats,FALSE,FALSE,FALSE,,
blink-182,FALSE,FALSE,FALSE,,
Catch 22,FALSE,FALSE,FALSE,,
Dan Le Sac vs Scroobius Pip,FALSE,FALSE,FALSE,,
DMX,FALSE,FALSE,FALSE,,
Electric Six,FALSE,FALSE,FALSE,,
Glass Animals,FALSE,FALSE,FALSE,,
Jake Bugg,FALSE,FALSE,FALSE,,
Manchester Orchestra,FALSE,FALSE,FALSE,,
Panic! At The Disco,FALSE,FALSE,FALSE,,
Sage Francis,FALSE,FALSE,FALSE,,
Tejon Street Corner Thieves,FALSE,FALSE,FALSE,,
The All-American Rejects,FALSE,FALSE,FALSE,,
The Antlers,FALSE,FALSE,FALSE,,
The Used,FALSE,FALSE,FALSE,,
The Veils,FALSE,FALSE,FALSE,,
As Cities Burn,FALSE,FALSE,FALSE,,
Bayside,FALSE,FALSE,FALSE,,
Cage The Elephant,FALSE,FALSE,FALSE,,
G-Unit,FALSE,TRUE,FALSE,My Buddy,
J. Cole,FALSE,FALSE,FALSE,,
James Blake,FALSE,FALSE,FALSE,,
Jimmy Eat World,FALSE,FALSE,FALSE,,
Mumford & Sons,FALSE,FALSE,FALSE,,
Pusha T,FALSE,FALSE,FALSE,,
ScHoolboy Q,FALSE,FALSE,FALSE,,
Silversun Pickups,FALSE,FALSE,FALSE,,
The Rural Alberta Advantage,FALSE,FALSE,FALSE,,
Alkaline Trio,FALSE,FALSE,FALSE,,
Astronautalis,FALSE,FALSE,FALSE,,
Bob Dylan,FALSE,FALSE,FALSE,,
Death Cab for Cutie,FALSE,FALSE,FALSE,,
Death Grips,FALSE,FALSE,FALSE,,
Destiny's Child,FALSE,FALSE,FALSE,,
Fort Minor,FALSE,TRUE,FALSE,Out the Back,
Godspeed You! Black Emperor,FALSE,FALSE,FALSE,,
"JAY-Z,Linkin Park",FALSE,FALSE,FALSE,,
Joji,FALSE,FALSE,FALSE,,
Leonard Cohen,FALSE,FALSE,FALSE,,
Lil Nas X,FALSE,TRUE,TRUE,Void,
Lorde,FALSE,FALSE,FALSE,,
Modest Mouse,FALSE,FALSE,FALSE,,
Rage Against The Machine,FALSE,FALSE,FALSE,,
Serj Tankian,FALSE,FALSE,FALSE,,
The Heavy,FALSE,FALSE,FALSE,,
The Hold Steady,FALSE,FALSE,FALSE,,
The Killers,FALSE,FALSE,FALSE,,
The Raconteurs,FALSE,FALSE,FALSE,,
The Strokes,FALSE,FALSE,FALSE,,
The Tallest Man On Earth,FALSE,FALSE,FALSE,,
Tobe Nwigwe,FALSE,FALSE,FALSE,,
Angels & Airwaves,TRUE,TRUE,FALSE,Devotion,Probably need to explore the other albums I only have listend to the first one
Ben Caplan,TRUE,TRUE,FALSE,Plough the Shit,
Bloodhound Gang,FALSE,FALSE,FALSE,,
Bon Iver,FALSE,FALSE,FALSE,,
Brown Bird,TRUE,TRUE,FALSE,Danger and Dread,"Newer albums, its just i like a lot of it, but I don't love much of it."
Colin Meloy,FALSE,FALSE,FALSE,,
Dashboard Confessional,FALSE,FALSE,FALSE,,
Dead Man's Bones,FALSE,FALSE,FALSE,,
DJ Shadow,FALSE,FALSE,FALSE,,
Emmy The Great,FALSE,TRUE,FALSE,Paper Forest,
Everclear,FALSE,FALSE,FALSE,,
Frank Turner,FALSE,FALSE,FALSE,,
Interpol,FALSE,FALSE,FALSE,,
Kid Cudi,FALSE,FALSE,FALSE,,
Nico Vega,FALSE,FALSE,FALSE,,
Nine Inch Nails,FALSE,FALSE,FALSE,,
Oh Wonder,FALSE,FALSE,FALSE,,
P.O.S,FALSE,FALSE,FALSE,,
Rich Brian,FALSE,FALSE,FALSE,,
Run River North,FALSE,FALSE,FALSE,,
Run The Jewels,FALSE,FALSE,FALSE,,
Scroobius Pip,FALSE,FALSE,FALSE,,
Silver Mt. Zion,TRUE,TRUE,FALSE,God Bless Our Dead marines,I've gotten thropugh everything 2008 and before
Sublime,FALSE,FALSE,FALSE,,
The Cleverlys,TRUE,TRUE,FALSE,Low,
The Dead South,TRUE,TRUE,FALSE,In  Hell I'll Be in Good Compnay,"Only listned to the first album, might be a bit too sincrene for me, but some good bangers, so worth going through"
The Paper Chase,FALSE,FALSE,FALSE,,
The Spill Canvas,FALSE,FALSE,FALSE,,
Transplants,FALSE,FALSE,FALSE,,
Vince Staples,FALSE,FALSE,FALSE,,
Whitehorse,FALSE,FALSE,FALSE,,
Alela Diane,FALSE,FALSE,FALSE,,
Backstreet Boys,FALSE,FALSE,FALSE,,
Bears and Company,FALSE,FALSE,FALSE,,
Ben Folds,FALSE,FALSE,FALSE,,
Big & Rich,FALSE,FALSE,FALSE,,
Blonde Redhead,FALSE,FALSE,FALSE,,
BOYS LIKE GIRLS,FALSE,FALSE,FALSE,,
Cold War Kids,FALSE,FALSE,FALSE,,
Coldplay,FALSE,TRUE,FALSE,Viva La Vida,
Cunty MeMe,FALSE,FALSE,FALSE,,
Dan Mangan,FALSE,FALSE,FALSE,,
David Bazan,FALSE,FALSE,FALSE,,
David Bowie,FALSE,FALSE,FALSE,,
"Deltron 3030,Del The Funky Homosapien,Dan The Automator,Kid Koala",FALSE,FALSE,FALSE,,
Dustin Kensrue,FALSE,FALSE,FALSE,,
Elliott Smith,FALSE,FALSE,FALSE,,
Fatboy Slim,FALSE,FALSE,FALSE,,
girl in red,FALSE,FALSE,FALSE,,
Harley Poe,FALSE,FALSE,FALSE,,
Imagine Dragons,FALSE,FALSE,FALSE,,
Jack White,FALSE,FALSE,FALSE,,
Jaden,FALSE,FALSE,FALSE,,
K.Flay,FALSE,FALSE,FALSE,,
Kelly Clarkson,FALSE,FALSE,FALSE,,
Led Zeppelin,FALSE,FALSE,FALSE,,
Local H,FALSE,FALSE,FALSE,,
Mac Lethal,FALSE,FALSE,FALSE,,
Michael Jackson,FALSE,FALSE,FALSE,,
Milky Chance,FALSE,FALSE,FALSE,,
Mirah,FALSE,FALSE,FALSE,,
Motion City Soundtrack,FALSE,FALSE,FALSE,,
Murder By Death,FALSE,FALSE,FALSE,,
Outkast,FALSE,FALSE,FALSE,,
Queen,FALSE,FALSE,FALSE,,
Ramin Djawadi,FALSE,FALSE,FALSE,,
Saltillo,FALSE,FALSE,FALSE,,
Stars,FALSE,FALSE,FALSE,,
Streetlight Manifesto,FALSE,FALSE,FALSE,,
Sum 41,FALSE,FALSE,FALSE,,
Taking Back Sunday,FALSE,FALSE,FALSE,,
The Black Keys,FALSE,FALSE,FALSE,,
The Brothers Bright,FALSE,FALSE,FALSE,,
The Builders and The Butchers,FALSE,FALSE,FALSE,,
The Coup,FALSE,FALSE,FALSE,,
The Doors,FALSE,FALSE,FALSE,,
The Festival,FALSE,FALSE,FALSE,,
The Front Bottoms,FALSE,FALSE,FALSE,,
The Lonely Island,FALSE,FALSE,FALSE,,
The Revivalists,FALSE,FALSE,FALSE,,
The Taxpayers,FALSE,FALSE,FALSE,,
Thirty Seconds To Mars,FALSE,FALSE,FALSE,,
Three Days Grace,FALSE,FALSE,FALSE,,
Violent Femmes,FALSE,FALSE,FALSE,,
Zella Day,FALSE,FALSE,FALSE,,
...And You Will Know Us by the Trail of Dead,FALSE,TRUE,FALSE,Will You Smile Again For Me,"Listend to Worlds Apart and Source Tags and Codes + Top Songs, Not a super fan of most of thier stuff, but Will You Smile Again is so good"
3OH!3,FALSE,TRUE,FALSE,DONTTRUSTME,
Adele,FALSE,FALSE,FALSE,,
AlicebanD,FALSE,FALSE,FALSE,,
Amanda Palmer,FALSE,FALSE,FALSE,,
Archers Of Loaf,FALSE,FALSE,FALSE,,
Asher Roth,FALSE,FALSE,FALSE,,
Avi Vinocur,FALSE,FALSE,FALSE,,
Avril Lavigne,FALSE,FALSE,FALSE,,
Bandits Of The Acoustic Revolution,FALSE,FALSE,FALSE,,
Beck,FALSE,FALSE,FALSE,,
Billie Eilish,FALSE,FALSE,FALSE,,
Billy Talent,FALSE,FALSE,FALSE,,
Black Light Burns,FALSE,FALSE,FALSE,,
Bloodywood,FALSE,FALSE,FALSE,,
Blue October,FALSE,FALSE,FALSE,,
Bon Jovi,FALSE,FALSE,FALSE,,
Britney Spears,FALSE,FALSE,FALSE,,
carolesdaughter,FALSE,FALSE,FALSE,,
Cat Power,FALSE,FALSE,FALSE,,
Catfish and the Bottlemen,FALSE,FALSE,FALSE,,
CHVRCHES,FALSE,FALSE,FALSE,,
Cloud Cult,FALSE,FALSE,FALSE,,
Coheed and Cambria,FALSE,FALSE,FALSE,,
Colour Revolt,FALSE,FALSE,FALSE,,
Daughter,FALSE,FALSE,FALSE,,
Days N Daze,TRUE,TRUE,FALSE,Misanthropic Drunken Loner,
Defeater,FALSE,FALSE,FALSE,,
Denzel Curry,FALSE,FALSE,FALSE,,
"Dr. Dre,Snoop Dogg",FALSE,FALSE,FALSE,,
Dropkick Murphys,FALSE,FALSE,FALSE,,
Drowning Pool,FALSE,FALSE,FALSE,,
Emilíana Torrini,FALSE,FALSE,FALSE,,
"Eminem,Dr. Dre",FALSE,FALSE,FALSE,,
Everlast,FALSE,FALSE,FALSE,,
Flight of the Conchords,FALSE,FALSE,FALSE,,
flora cash,FALSE,FALSE,FALSE,,
Flyleaf,FALSE,FALSE,FALSE,,
From First To Last,FALSE,FALSE,FALSE,,
Gil Scott-Heron,FALSE,FALSE,FALSE,,
Girl Talk,FALSE,TRUE,TRUE,Play Your Part part 1,
Good Charlotte,FALSE,FALSE,FALSE,,
Gregory and the Hawk,FALSE,FALSE,FALSE,,
Hawthorne Heights,FALSE,FALSE,FALSE,,
Jack's Mannequin,FALSE,FALSE,FALSE,,
Jared Mees & The Grown Children,FALSE,FALSE,FALSE,,
Jason Webley,FALSE,FALSE,FALSE,,
"JAY-Z,Kanye West",FALSE,FALSE,FALSE,,
JID,FALSE,FALSE,FALSE,,
Kid Rock,FALSE,FALSE,FALSE,,
Kings of Leon,FALSE,FALSE,FALSE,,
Lil B,FALSE,FALSE,FALSE,,
Lil Wayne,FALSE,FALSE,FALSE,,
Lynyrd Skynyrd,FALSE,FALSE,FALSE,,
Mal Blum,FALSE,FALSE,FALSE,,
Massive Attack,FALSE,FALSE,FALSE,,
Matchbook Romance,FALSE,FALSE,FALSE,,
Mazzy Star,FALSE,FALSE,FALSE,,
Meek Mill,FALSE,FALSE,FALSE,,
MEG MYERS,FALSE,FALSE,FALSE,,
Metric,FALSE,FALSE,FALSE,,
Mother Mother,FALSE,FALSE,FALSE,,
Murs,TRUE,TRUE,FALSE,Okey Dog,Only grabbed the 3 songs I had on spotify
Nelly,FALSE,FALSE,FALSE,,
Nick Cave & The Bad Seeds,FALSE,FALSE,FALSE,,
Nina Simone,FALSE,FALSE,FALSE,,
One Day As A Lion,FALSE,FALSE,FALSE,,
Pink Floyd,FALSE,FALSE,FALSE,,
Placebo,FALSE,FALSE,FALSE,,
Puscifer,FALSE,FALSE,FALSE,,
Rammstein,FALSE,TRUE,FALSE,Du Haste,"Listened to first two albums, could go back and listen more, but eh"
Ricky Martin,FALSE,TRUE,FALSE,La Copa de la Vida,
Rob Zombie,FALSE,FALSE,FALSE,,
San Fermin,FALSE,FALSE,FALSE,,
Shiny Toy Guns,FALSE,FALSE,FALSE,,
Single Mothers,FALSE,FALSE,FALSE,,
Slipknot,FALSE,FALSE,FALSE,,
Smash Mouth,FALSE,TRUE,FALSE,Walkin' On The Sun,
Suicidal Tendencies,FALSE,FALSE,FALSE,,
Swelo,FALSE,FALSE,FALSE,,
That Handsome Devil,FALSE,FALSE,FALSE,,
The Ataris,FALSE,FALSE,FALSE,,
The Avalanches,FALSE,FALSE,FALSE,,
The Cranberries,FALSE,FALSE,FALSE,,
The Devil Makes Three,FALSE,FALSE,FALSE,,
The Dresden Dolls,FALSE,FALSE,FALSE,,
The Flaming Lips,FALSE,FALSE,FALSE,,
The Handsome Family,FALSE,FALSE,FALSE,,
The Mars Volta,FALSE,FALSE,FALSE,,
The New Basement Tapes,FALSE,FALSE,FALSE,,
The Smashing Pumpkins,FALSE,FALSE,FALSE,,
The Sound Of Animals Fighting,FALSE,FALSE,FALSE,,
The Tiny,FALSE,FALSE,FALSE,,
Tom Petty and the Heartbreakers,FALSE,FALSE,FALSE,,
TV On The Radio,FALSE,FALSE,FALSE,,
Watsky,FALSE,FALSE,FALSE,,
We Are Scientists,FALSE,FALSE,FALSE,,
Yann Tiersen,FALSE,FALSE,FALSE,,
ZOX,FALSE,FALSE,FALSE,,
$uicideboy$,TRUE,TRUE,FALSE,Mount Sinai,"Want to go back to this, might be more into this than I was before"
100 gecs,FALSE,TRUE,FALSE,Dumbest Girl Alive,"Love hate relationship with this band, but a few stand out songs that are suitable for mixxing"
65daysofstatic,TRUE,TRUE,FALSE,Radio Protector?,"No vocals, reminds me of a more mainstream god bless black emporer. Known for No man sky, I really think I slept on this"
A.A. Bondy,FALSE,FALSE,FALSE,,
Ace Hood,FALSE,FALSE,FALSE,,
Agnes Obel,FALSE,FALSE,FALSE,,
All Them Witches,FALSE,FALSE,FALSE,,
All Time Low,FALSE,FALSE,FALSE,,
Amarante,FALSE,FALSE,FALSE,,
Amy Shark,FALSE,FALSE,FALSE,,
an Unkindness,FALSE,FALSE,FALSE,,
Annie Eve,FALSE,FALSE,FALSE,,
Arcade Fire,FALSE,FALSE,FALSE,,
Bachman-Turner Overdrive,FALSE,FALSE,FALSE,,
Bandit,FALSE,FALSE,FALSE,,
Barton Carroll,FALSE,FALSE,FALSE,,
Bellstop,FALSE,FALSE,FALSE,,
Ben Howard,FALSE,FALSE,FALSE,,
Ben Lee,FALSE,FALSE,FALSE,,
Birdcloud,FALSE,FALSE,FALSE,,
Black Rebel Motorcycle Club,FALSE,FALSE,FALSE,,
Blitzen Trapper,FALSE,FALSE,FALSE,,
Cecil Otter,FALSE,FALSE,FALSE,,
Chumbawamba,FALSE,FALSE,FALSE,,
clipping.,FALSE,FALSE,FALSE,,
Cloud Nothings,FALSE,FALSE,FALSE,,
CocoRosie,FALSE,FALSE,FALSE,,
Corb Lund,FALSE,FALSE,FALSE,,
Cursive,FALSE,FALSE,FALSE,,
Damien Rice,FALSE,FALSE,FALSE,,
Dan Deacon,FALSE,FALSE,FALSE,,
Danny Brown,FALSE,FALSE,FALSE,,
"Dave,Central Cee",FALSE,FALSE,FALSE,,
Dead Sara,FALSE,FALSE,FALSE,,
"Defiance, Ohio",FALSE,FALSE,FALSE,,
Desiigner,FALSE,FALSE,FALSE,,
Disturbed,FALSE,FALSE,FALSE,,
"DJ Shadow,Run The Jewels",FALSE,FALSE,FALSE,,
Doomtree,FALSE,FALSE,FALSE,,
Dr. Dog,FALSE,FALSE,FALSE,,
"Drake,Future",FALSE,FALSE,FALSE,,
Dynamite Hack,FALSE,FALSE,FALSE,,
Eagles,FALSE,FALSE,FALSE,,
Earl Sweatshirt,FALSE,FALSE,FALSE,,
"Eiffel 65,Gabry Ponte",FALSE,FALSE,FALSE,,
Eliza Rickman,FALSE,FALSE,FALSE,,
Elle King,FALSE,FALSE,FALSE,,
"Eminem,D12",FALSE,FALSE,FALSE,,
"Eminem,Royce Da 5'9",FALSE,FALSE,FALSE,,
Enrique Iglesias,FALSE,FALSE,FALSE,,
Erick the Architect,FALSE,FALSE,FALSE,,
Fantastic Negrito,FALSE,FALSE,FALSE,,
FIDLAR,FALSE,FALSE,FALSE,,
FIELDED,FALSE,FALSE,FALSE,,
Fleet Foxes,FALSE,FALSE,FALSE,,
"Fort Minor,Styles Of Beyond",FALSE,FALSE,FALSE,,
Fountains Of Wayne,FALSE,FALSE,FALSE,,
"Four Fists,P.O.S,Astronautalis",FALSE,FALSE,FALSE,,
Frontier Ruckus,FALSE,FALSE,FALSE,,
Fucked Up,FALSE,FALSE,FALSE,,
fun.,FALSE,FALSE,FALSE,,
Funkadelic,FALSE,FALSE,FALSE,,
Future Folk,FALSE,FALSE,FALSE,,
George Thorogood & The Destroyers,FALSE,FALSE,FALSE,,
"Gerard Way,Ray Toro",FALSE,FALSE,FALSE,,
Ghost Mice,FALSE,FALSE,FALSE,,
Gill Landry,FALSE,FALSE,FALSE,,
girl_irl,FALSE,FALSE,FALSE,,
Glue,FALSE,FALSE,FALSE,,
Golden Shoulders,FALSE,FALSE,FALSE,,
Goldfinger,FALSE,FALSE,FALSE,,
Goldishack Guerrillas,FALSE,FALSE,FALSE,,
"Goldishack Guerrillas,Utkarsh Ambudkar,rCyn",FALSE,FALSE,FALSE,,
Graveyard,FALSE,FALSE,FALSE,,
H2O,FALSE,FALSE,FALSE,,
Haken,FALSE,FALSE,FALSE,,
Handsome Boy Modeling School,FALSE,FALSE,FALSE,,
Harvey Danger,FALSE,FALSE,FALSE,,
honeyhoney,FALSE,FALSE,FALSE,,
Houndmouth,FALSE,FALSE,FALSE,,
Hozier,FALSE,FALSE,FALSE,,
Hugo,FALSE,FALSE,FALSE,,
Hurt,FALSE,FALSE,FALSE,,
hyperstory,FALSE,FALSE,FALSE,,
IAMDYNAMITE,FALSE,FALSE,FALSE,,
Jain,FALSE,FALSE,FALSE,,
"James Blake,Bon Iver",FALSE,FALSE,FALSE,,
Jet,FALSE,FALSE,FALSE,,
Jim's Big Ego,FALSE,FALSE,FALSE,,
Joan As Police Woman,FALSE,FALSE,FALSE,,
John Congleton and the Nighty Nite,FALSE,FALSE,FALSE,,
Johnny Flynn,FALSE,FALSE,FALSE,,
José González,FALSE,FALSE,FALSE,,
Josh Ritter,FALSE,FALSE,FALSE,,
Joywave,FALSE,FALSE,FALSE,,
"Kanye West,Chief Keef,Pusha T,Big Sean,Jadakiss",FALSE,FALSE,FALSE,,
"Kanye West,JAY-Z,Big Sean",FALSE,FALSE,FALSE,,
Katzenjammer,FALSE,FALSE,FALSE,,
Kevin Devine,FALSE,FALSE,FALSE,,
KIDS SEE GHOSTS,FALSE,FALSE,FALSE,,
Kimya Dawson,FALSE,FALSE,FALSE,,
KONGOS,FALSE,FALSE,FALSE,,
Less Than Jake,FALSE,FALSE,FALSE,,
Levi The Poet,FALSE,FALSE,FALSE,,
"Linkin Park,Motion Man",FALSE,FALSE,FALSE,,
Lisa LeBlanc,FALSE,FALSE,FALSE,,
Listener,FALSE,FALSE,FALSE,,
little hurricane,FALSE,FALSE,FALSE,,
Lo-Fang,FALSE,FALSE,FALSE,,
Local Natives,FALSE,FALSE,FALSE,,
Ludacris,FALSE,FALSE,FALSE,,
"Lupe Fiasco,Gemstones",FALSE,FALSE,FALSE,,
"Lupe Fiasco,Matthew Santos",FALSE,FALSE,FALSE,,
Mac Miller,FALSE,FALSE,FALSE,,
Madisen Ward and the Mama Bear,FALSE,FALSE,FALSE,,
Man Man,FALSE,FALSE,FALSE,,
Matisyahu,FALSE,FALSE,FALSE,,
Maybeshewill,FALSE,FALSE,FALSE,,
Mclusky,FALSE,FALSE,FALSE,,
MGMT,FALSE,FALSE,FALSE,,
Middle Class Rut,FALSE,FALSE,FALSE,,
Mindless Self Indulgence,FALSE,FALSE,FALSE,,
Moon Hooch,FALSE,FALSE,FALSE,,
My Son The Hurricane,FALSE,FALSE,FALSE,,
N.W.A.,FALSE,FALSE,FALSE,,
"Nas,AZ,Olu Dara",FALSE,FALSE,FALSE,,
"Nas,Large Professor",FALSE,FALSE,FALSE,,
Nathaniel Rateliff & The Night Sweats,FALSE,FALSE,FALSE,,
Neutral Milk Hotel,FALSE,FALSE,FALSE,,
NOFX,FALSE,FALSE,FALSE,,
O'Death,FALSE,FALSE,FALSE,,
O'keefe Music Foundation,FALSE,FALSE,FALSE,,
OK Go,FALSE,FALSE,FALSE,,
Paper Aeroplanes,FALSE,FALSE,FALSE,,
Perma,FALSE,FALSE,FALSE,,
"Pickin' On Series,Iron Horse",FALSE,FALSE,FALSE,,
Pinback,FALSE,FALSE,FALSE,,
Portishead,FALSE,FALSE,FALSE,,
Pretty Girls Make Graves,FALSE,FALSE,FALSE,,
"Pusha T,Kanye West",FALSE,FALSE,FALSE,,
Radio Moscow,FALSE,FALSE,FALSE,,
Radkey,FALSE,FALSE,FALSE,,
Rakim,FALSE,FALSE,FALSE,,
Ramshackle Glory,FALSE,FALSE,FALSE,,
Rick Ross,FALSE,FALSE,FALSE,,
Rilo Kiley,FALSE,FALSE,FALSE,,
Roadkill Ghost Choir,FALSE,FALSE,FALSE,,
Rock Plaza Central,FALSE,FALSE,FALSE,,
Run–D.M.C.,FALSE,FALSE,FALSE,,
Shania Twain,FALSE,FALSE,FALSE,,
Shawn James,FALSE,FALSE,FALSE,,
Snow Patrol,FALSE,FALSE,FALSE,,
Sonic Youth,FALSE,FALSE,FALSE,,
Soul Coughing,FALSE,FALSE,FALSE,,
Spoon,FALSE,FALSE,FALSE,,
Steve Earle,FALSE,FALSE,FALSE,,
Straylight Run,FALSE,FALSE,FALSE,,
Street Sweeper Social Club,FALSE,FALSE,FALSE,,
Sugar Ray,FALSE,FALSE,FALSE,,
Superorganism,FALSE,FALSE,FALSE,,
Takénobu,FALSE,FALSE,FALSE,,
"Taylor Swift,Bon Iver",FALSE,FALSE,FALSE,,
Tears For Fears,FALSE,FALSE,FALSE,,
"Ted Leo and the Pharmacists,The Pharmacists",FALSE,FALSE,FALSE,,
Tessa Thompson,FALSE,FALSE,FALSE,,
"The Airborne Toxic Event,Calder Quartet",FALSE,FALSE,FALSE,,
The American Spirit,FALSE,FALSE,FALSE,,
The Beautiful Girls,FALSE,FALSE,FALSE,,
The Bravery,FALSE,FALSE,FALSE,,
The Brian Jonestown Massacre,FALSE,FALSE,FALSE,,
The Dead Weather,FALSE,FALSE,FALSE,,
The Goddamn Gallows,FALSE,FALSE,FALSE,,
The Good Life,FALSE,FALSE,FALSE,,
The Hotelier,FALSE,FALSE,FALSE,,
The Hunna,FALSE,FALSE,FALSE,,
The Limousines,FALSE,FALSE,FALSE,,
The Receiving End Of Sirens,FALSE,FALSE,FALSE,,
The Red Jumpsuit Apparatus,FALSE,FALSE,FALSE,,
The Rolling Stones,FALSE,FALSE,FALSE,,
The Struts,FALSE,FALSE,FALSE,,
The Thermals,FALSE,FALSE,FALSE,,
The Uncluded,FALSE,FALSE,FALSE,,
Three 6 Mafia,FALSE,FALSE,FALSE,,
TLC,FALSE,FALSE,FALSE,,
"Tobe Nwigwe,Fat Nwigwe",FALSE,FALSE,FALSE,,
Toh Kay,FALSE,FALSE,FALSE,,
Touché Amoré,FALSE,FALSE,FALSE,,
Twiddle,FALSE,FALSE,FALSE,,
Vagabond Opera,FALSE,FALSE,FALSE,,
Weerd Science,FALSE,FALSE,FALSE,,
Wintersleep,FALSE,FALSE,FALSE,,
Wolf Parade,FALSE,FALSE,FALSE,,
Yeah Yeah Yeahs,FALSE,FALSE,FALSE,,
Yelawolf,FALSE,FALSE,FALSE,,
Yellowcard,FALSE,FALSE,FALSE,,
*NSYNC,FALSE,TRUE,FALSE,Bye Bye Bye,
2 Chainz,TRUE,FALSE,FALSE,,
3 Doors Down,FALSE,FALSE,FALSE,,
A Flock Of Seagulls,FALSE,TRUE,FALSE,I Ran (So Far Away),
A Night In The Box,FALSE,TRUE,FALSE,The Hustle,"Pretty Traditional Blues. Listened to both albums, no huge standouts, but solid blues"
A Perfect Circle,FALSE,FALSE,FALSE,,
A Silent Film,FALSE,FALSE,FALSE,,
Aaliyah,FALSE,FALSE,FALSE,,
Abney Park,FALSE,FALSE,FALSE,,
Action Action,FALSE,FALSE,FALSE,,
Adolescents,FALSE,FALSE,FALSE,,
Adriana Figueroa,FALSE,FALSE,FALSE,,
Adrianne Lenker,FALSE,FALSE,FALSE,,
Agent Orange,FALSE,FALSE,FALSE,,
Alabama Shakes,FALSE,FALSE,FALSE,,
All Get Out,FALSE,FALSE,FALSE,,
All Saints,FALSE,FALSE,FALSE,,
Allie Goertz,FALSE,FALSE,FALSE,,
AM Taxi,FALSE,FALSE,FALSE,,
"Amanda Palmer,Jason Webley",FALSE,FALSE,FALSE,,
Ameer Vann,FALSE,FALSE,FALSE,,
Anti-Flag,FALSE,FALSE,FALSE,,
Apathy,FALSE,FALSE,FALSE,,
"Apostles,Murray Head,Ian Gillan",FALSE,FALSE,FALSE,,
Aqua,FALSE,FALSE,FALSE,,
Arch Enemy,FALSE,FALSE,FALSE,,
Arctic Monkeys,FALSE,FALSE,FALSE,,
Art By Numbers,FALSE,FALSE,FALSE,,
ASG,FALSE,FALSE,FALSE,,
"Astronautalis,Isaiah Toothtaker & P.O.S.",FALSE,FALSE,FALSE,,
"Astronautalis,Lizzo",FALSE,FALSE,FALSE,,
"Astronautalis,P.O.S",FALSE,FALSE,FALSE,,
AURORA,FALSE,FALSE,FALSE,,
Authority Zero,FALSE,FALSE,FALSE,,
Avenged Sevenfold,FALSE,FALSE,FALSE,,
B. Kudanowski,FALSE,FALSE,FALSE,,
Baby Keem,FALSE,FALSE,FALSE,,
Bad Religion,FALSE,FALSE,FALSE,,
Baha Men,FALSE,FALSE,FALSE,,
Barenaked Ladies,FALSE,FALSE,FALSE,,
Bas,FALSE,FALSE,FALSE,,
"Bas,J. Cole",FALSE,FALSE,FALSE,,
"bbno$,Rich Brian",FALSE,FALSE,FALSE,,
Beans on Toast,FALSE,FALSE,FALSE,,
Bear Hands,FALSE,FALSE,FALSE,,
Bear Vs. Shark,FALSE,FALSE,FALSE,,
Bella Poarch,FALSE,FALSE,FALSE,,
Ben Folds Five,FALSE,FALSE,FALSE,,
"Ben Folds,Regina Spektor",FALSE,FALSE,FALSE,,
"Benny The Butcher,Black Thought",FALSE,FALSE,FALSE,,
"Beyoncé,Kendrick Lamar",FALSE,FALSE,FALSE,,
Big D and the Kids Table,FALSE,FALSE,FALSE,,
"Big K.R.I.T.,Ludacris,Bun B",FALSE,FALSE,FALSE,,
"Big Sean,E-40",FALSE,FALSE,FALSE,,
"Big Sean,Jhené Aiko",FALSE,FALSE,FALSE,,
"Big Sean,Kanye West",FALSE,FALSE,FALSE,,
"Big Sean,Migos",FALSE,FALSE,FALSE,,
"Big Sean,Post Malone",FALSE,FALSE,FALSE,,
Big Shaq,FALSE,FALSE,FALSE,,
Big Thief,FALSE,FALSE,FALSE,,
"Billy Bragg,Wilco",FALSE,FALSE,FALSE,,
Bishop Allen,FALSE,FALSE,FALSE,,
Bitter Ruin,FALSE,FALSE,FALSE,,
Biz Markie,FALSE,FALSE,FALSE,,
Black Bear,FALSE,FALSE,FALSE,,
Black Flag,FALSE,FALSE,FALSE,,
Black Star,FALSE,FALSE,FALSE,,
"Black Star,Common",FALSE,FALSE,FALSE,,
Blackalicious,FALSE,FALSE,FALSE,,
"Blackalicious,Lateef The Truthspeaker,Cut Chemist",FALSE,FALSE,FALSE,,
"Blackstreet,Dr. Dre,Queen Pen",FALSE,FALSE,FALSE,,
Blaqk Audio,FALSE,FALSE,FALSE,,
Blind Pilot,FALSE,FALSE,FALSE,,
"Blue Sky Black Death,Yes Alexander",FALSE,FALSE,FALSE,,
Blueprint,FALSE,FALSE,FALSE,,
Bobby Shmurda,FALSE,FALSE,FALSE,,
Bomb the Music Industry!,FALSE,FALSE,FALSE,,
Bone Thugs-N-Harmony,FALSE,FALSE,FALSE,,
Boris Smile,FALSE,FALSE,FALSE,,
Boy Hits Car,FALSE,FALSE,FALSE,,
Boysetsfire,FALSE,FALSE,FALSE,,
Brad Paisley,FALSE,FALSE,FALSE,,
"Brian Jordan Alvarez,TJ Mack",FALSE,FALSE,FALSE,,
"Brian Keith,Victor Brox",FALSE,FALSE,FALSE,,
"Brian Keith,Victor Brox,Choir,Murray Head",FALSE,FALSE,FALSE,,
Brick + Mortar,FALSE,FALSE,FALSE,,
Bring Me The Horizon,FALSE,FALSE,FALSE,,
Broken Social Scene,FALSE,FALSE,FALSE,,
Brother Ali,FALSE,FALSE,FALSE,,
Buck 65,FALSE,FALSE,FALSE,,
Buck-O-Nine,FALSE,FALSE,FALSE,,
"Buckethead,Saul Williams",FALSE,FALSE,FALSE,,
"Buckethead,Serj Tankian,Shana Halligan",FALSE,FALSE,FALSE,,
Bumpin Uglies,FALSE,FALSE,FALSE,,
"BUSDRIVER,Aesop Rock,Danny Brown",FALSE,FALSE,FALSE,,
Butthole Surfers,FALSE,FALSE,FALSE,,
"Calvin Harris,Ellie Goulding",FALSE,FALSE,FALSE,,
Camper Van Beethoven,FALSE,FALSE,FALSE,,
"Cardi B,Kanye West,Lil Durk",FALSE,FALSE,FALSE,,
"Carnage,ILOVEMAKONNEN",FALSE,FALSE,FALSE,,
"Carnage,Lil Uzi Vert,A$AP Ferg,Rich The Kid",FALSE,FALSE,FALSE,,
"Carnage,Migos",FALSE,FALSE,FALSE,,
CARR,FALSE,FALSE,FALSE,,
Carrie Underwood,FALSE,FALSE,FALSE,,
Cavetown,FALSE,FALSE,FALSE,,
CeeLo Green,FALSE,FALSE,FALSE,,
Chad VanGaalen,FALSE,FALSE,FALSE,,
"Chadwick Stokes,State Radio",FALSE,FALSE,FALSE,,
"Chance the Rapper,Childish Gambino",FALSE,FALSE,FALSE,,
"Chance the Rapper,Saba",FALSE,FALSE,FALSE,,
"Chance the Rapper,Saba,BJ The Chicago Kid",FALSE,FALSE,FALSE,,
"Chance the Rapper,VIC MENSA,Twista",FALSE,FALSE,FALSE,,
Cher,FALSE,FALSE,FALSE,,
CHEWIE,FALSE,FALSE,FALSE,,
Chief Keef,FALSE,FALSE,FALSE,,
"Childish Gambino,21 Savage,Ink,Kadhja Bonet",FALSE,FALSE,FALSE,,
"Childish Gambino,Ariana Grande",FALSE,FALSE,FALSE,,
"Childish Gambino,Jhené Aiko,Vince Staples,Ludwig Göransson",FALSE,FALSE,FALSE,,
Children Collide,FALSE,FALSE,FALSE,,
Chingy,FALSE,FALSE,FALSE,,
"Chingy,Ludacris,Snoop Dogg",FALSE,FALSE,FALSE,,
Chiodos,FALSE,FALSE,FALSE,,
Chris Thile,FALSE,FALSE,FALSE,,
Chronic Future,FALSE,FALSE,FALSE,,
"Ciara,Missy Elliott",FALSE,FALSE,FALSE,,
CKY,FALSE,FALSE,FALSE,,
cleopatrick,FALSE,FALSE,FALSE,,
"Clint Mansell,Kronos Quartet",FALSE,FALSE,FALSE,,
Clutch,FALSE,FALSE,FALSE,,
Company of Thieves,FALSE,FALSE,FALSE,,
"Coolio,L.V.",FALSE,FALSE,FALSE,,
"Corb Lund,Hayes Carll",FALSE,FALSE,FALSE,,
Corey Taylor,FALSE,FALSE,FALSE,,
"CORPSE,Bring Me The Horizon",FALSE,FALSE,FALSE,,
Courtney Barnett,FALSE,FALSE,FALSE,,
Crazy Town,FALSE,FALSE,FALSE,,
Crooked Still,FALSE,FALSE,FALSE,,
"Curtis Waters,chlothegod",FALSE,FALSE,FALSE,,
"Cypress Hill,Chino Moreno,Everlast",FALSE,FALSE,FALSE,,
"Cypress Hill,Mike Shinoda",FALSE,FALSE,FALSE,,
"D12,50 Cent",FALSE,FALSE,FALSE,,
"D12,B-Real",FALSE,FALSE,FALSE,,
"D12,Obie Trice",FALSE,FALSE,FALSE,,
Damone,FALSE,FALSE,FALSE,,
Dan Bern,FALSE,FALSE,FALSE,,
Dan Mangan + Blacksmith,FALSE,FALSE,FALSE,,
"Danger Mouse & Jemini,The Pharcyde",FALSE,FALSE,FALSE,,
"Danger Mouse,Daniele Luppi,Jack White",FALSE,FALSE,FALSE,,
"Danger Mouse,Run The Jewels,Big Boi",FALSE,FALSE,FALSE,,
DANGERDOOM,FALSE,FALSE,FALSE,,
"DANGERDOOM,CeeLo Green",FALSE,FALSE,FALSE,,
"DANGERDOOM,MF DOOM",FALSE,FALSE,FALSE,,
"DANGERDOOM,Talib Kweli",FALSE,FALSE,FALSE,,
Daniel Powter,FALSE,FALSE,FALSE,,
"Danny Brown,A$AP Rocky,Zelooperz",FALSE,FALSE,FALSE,,
"Danny Brown,Dopehead",FALSE,FALSE,FALSE,,
"Danny Brown,Kendrick Lamar,Ab-Soul,Earl Sweatshirt",FALSE,FALSE,FALSE,,
"Danny Brown,Purity Ring",FALSE,FALSE,FALSE,,
Danny Schmidt,FALSE,FALSE,FALSE,,
Dave Van Ronk,FALSE,FALSE,FALSE,,
Dead Kennedys,FALSE,FALSE,FALSE,,
Dead Meadow,FALSE,FALSE,FALSE,,
Dead Prez,FALSE,FALSE,FALSE,,
Dead To Fall,FALSE,FALSE,FALSE,,
Deadboy & The Elephantmen,FALSE,FALSE,FALSE,,
Dear and the Headlights,FALSE,FALSE,FALSE,,
DEBBY FRIDAY,FALSE,FALSE,FALSE,,
Deer Tick,FALSE,FALSE,FALSE,,
Delta Rae,FALSE,FALSE,FALSE,,
"Dem Franchize Boyz,Jermaine Dupri,Da Brat,Bow Wow,The Kid Slim",FALSE,FALSE,FALSE,,
"Denzel Curry,454",FALSE,FALSE,FALSE,,
"Denzel Curry,6LACK,Rico Nasty,JID,Jasiah,Kitty Ca$h,Powers Pleasant",FALSE,FALSE,FALSE,,
"Denzel Curry,Buzzy Lee",FALSE,FALSE,FALSE,,
"Denzel Curry,JPEGMAFIA,ZillaKami",FALSE,FALSE,FALSE,,
"Denzel Curry,Karriem Riggins",FALSE,FALSE,FALSE,,
"Denzel Curry,Robert Glasper",FALSE,FALSE,FALSE,,
"Denzel Curry,Saul Williams,Bridget Perez",FALSE,FALSE,FALSE,,
"Denzel Curry,slowthai",FALSE,FALSE,FALSE,,
"Denzel Curry,T-Pain",FALSE,FALSE,FALSE,,
Descendents,FALSE,FALSE,FALSE,,
Dessa,FALSE,FALSE,FALSE,,
Diarrhea Planet,FALSE,FALSE,FALSE,,
Dirt Poor Robins,FALSE,FALSE,FALSE,,
Dirty Heads,FALSE,FALSE,FALSE,,
"Dirty Heads,Rome",FALSE,FALSE,FALSE,,
"Dj Burn One,Gucci Mane",FALSE,FALSE,FALSE,,
"DJ Snake,Lil Jon",FALSE,FALSE,FALSE,,
DLG Orchestra,FALSE,FALSE,FALSE,,
"DMX,Divine Bars",FALSE,FALSE,FALSE,,
"DMX,JAY-Z,Nas",FALSE,FALSE,FALSE,,
do not resurrect,FALSE,FALSE,FALSE,,
Doechii,FALSE,FALSE,FALSE,,
Doja Cat,FALSE,FALSE,FALSE,,
Done Again,FALSE,FALSE,FALSE,,
Dr. Awkward,FALSE,FALSE,FALSE,,
"Dr. Dre,Eminem",FALSE,FALSE,FALSE,,
Dr. Steel,FALSE,FALSE,FALSE,,
"Drake,Kanye West,Lil Wayne,Eminem",FALSE,FALSE,FALSE,,
"Dreamville,Bas,EARTHGANG",FALSE,FALSE,FALSE,,
"Dreamville,Bas,JID,Guapdad 4000,Reese LAFLARE,Jace,Mez,Smokepurpp,Buddy,Ski Mask The Slump God",FALSE,FALSE,FALSE,,
"Dreamville,EARTHGANG,J. Cole,Smino,Saba",FALSE,FALSE,FALSE,,
"Dreamville,JID,2 Chainz,Young Nudy",FALSE,FALSE,FALSE,,
"Dreamville,JID,J. Cole,Kenny Mason,Sheck Wes",FALSE,FALSE,FALSE,,
"Dreamville,Lute",FALSE,FALSE,FALSE,,
"Dreamville,Lute,Cozz,Omen",FALSE,FALSE,FALSE,,
"Duckwrth,Shaboozey",FALSE,FALSE,FALSE,,
"Dynoro,Gigi D'Agostino",FALSE,FALSE,FALSE,,
"E-40,Joyner Lucas,T.I.",FALSE,FALSE,FALSE,,
Eagles Of Death Metal,FALSE,FALSE,FALSE,,
"Earl Sweatshirt,Frank Ocean",FALSE,FALSE,FALSE,,
"Earl Sweatshirt,Vince Staples,Casey Veggies",FALSE,FALSE,FALSE,,
"EARTHGANG,JID",FALSE,FALSE,FALSE,,
"Ed Sheeran,Eminem,50 Cent",FALSE,FALSE,FALSE,,
Eddie Vedder,FALSE,FALSE,FALSE,,
Edward Sharpe & The Magnetic Zeros,FALSE,FALSE,FALSE,,
Eels,FALSE,FALSE,FALSE,,
Eiffel 65,FALSE,FALSE,FALSE,,
Ellie Goulding,FALSE,FALSE,FALSE,,
Emery,FALSE,FALSE,FALSE,,
"Eminem,50 Cent,Nate Dogg",FALSE,FALSE,FALSE,,
"Eminem,Anderson .Paak",FALSE,FALSE,FALSE,,
"Eminem,Bizarre",FALSE,FALSE,FALSE,,
"Eminem,Dido",FALSE,FALSE,FALSE,,
"Eminem,Dina Rae",FALSE,FALSE,FALSE,,
"Eminem,Hailie Jade",FALSE,FALSE,FALSE,,
"Eminem,Joyner Lucas",FALSE,FALSE,FALSE,,
"Eminem,Juice WRLD",FALSE,FALSE,FALSE,,
"Eminem,Lil Wayne",FALSE,FALSE,FALSE,,
"Eminem,Nate Dogg",FALSE,FALSE,FALSE,,
"Eminem,P!nk",FALSE,FALSE,FALSE,,
"Eminem,RBX,Sticky Fingaz",FALSE,FALSE,FALSE,,
"Eminem,Royce Da 5'9"",1999-02-23,253066,53,spotify:user:admiralorbiter,2021-06-25T16:12:10Z,detroit hip hop",FALSE,FALSE,FALSE,,
"Eminem,Royce Da 5'9"",2018-08-31,288086,64,spotify:user:admiralorbiter,2021-06-26T19:47:00Z,detroit hip hop",FALSE,FALSE,FALSE,,
"Eminem,Snoop Dogg",FALSE,FALSE,FALSE,,
"Eminem,Young M.A",FALSE,FALSE,FALSE,,
End Of A Year,FALSE,FALSE,FALSE,,
Escala,FALSE,FALSE,FALSE,,
"Escala,Slash",FALSE,FALSE,FALSE,,
Evelyn Evelyn,FALSE,FALSE,FALSE,,
"Everlast,Mobb Deep",FALSE,FALSE,FALSE,,
Explosions In The Sky,FALSE,FALSE,FALSE,,
"Explosions In The Sky,The Paper Chase",FALSE,FALSE,FALSE,,
Eyedea,FALSE,FALSE,FALSE,,
Eyedea & Abilities,FALSE,FALSE,FALSE,,
Falling In Reverse,FALSE,FALSE,FALSE,,
Far,FALSE,FALSE,FALSE,,
Fastball,FALSE,FALSE,FALSE,,
Fergie,FALSE,FALSE,FALSE,,
"Fergie,will.i.am",FALSE,FALSE,FALSE,,
Finntroll,FALSE,FALSE,FALSE,,
Fistful of Mercy,FALSE,FALSE,FALSE,,
Five Finger Death Punch,FALSE,FALSE,FALSE,,
"Flatbush Zombies,A$AP Twelvyy",FALSE,FALSE,FALSE,,
"Flatbush Zombies,Dia",FALSE,FALSE,FALSE,,
"Flatbush Zombies,Jadakiss",FALSE,FALSE,FALSE,,
"Flatbush Zombies,Portugal. The Man",FALSE,FALSE,FALSE,,
"Flatbush Zombies,Tech N9ne",FALSE,FALSE,FALSE,,
"Flatbush Zombies,Zombie Juice,Erick the Architect",FALSE,FALSE,FALSE,,
Fleurie,FALSE,FALSE,FALSE,,
Flipsyde,FALSE,FALSE,FALSE,,
Flo Rida,FALSE,FALSE,FALSE,,
"Flo Rida,T-Pain",FALSE,FALSE,FALSE,,
Floater,FALSE,FALSE,FALSE,,
"Flobots,Matt Morris",FALSE,FALSE,FALSE,,
"Flobots,Tim McIlrath",FALSE,FALSE,FALSE,,
Flogging Molly,FALSE,FALSE,FALSE,,
Forest for the Trees,FALSE,FALSE,FALSE,,
Forgive Durden,FALSE,FALSE,FALSE,,
"Fort Minor,Black Thought,Styles Of Beyond",FALSE,FALSE,FALSE,,
"Fort Minor,Bobo,Styles Of Beyond",FALSE,FALSE,FALSE,,
"Fort Minor,Holly Brook,Jonah Matranga",FALSE,FALSE,FALSE,,
"Fort Minor,John Legend",FALSE,FALSE,FALSE,,
"Fort Minor,Mr. Hahn",FALSE,FALSE,FALSE,,
Foster The People,FALSE,FALSE,FALSE,,
Franz Ferdinand,FALSE,FALSE,FALSE,,
Freddie Gibbs,FALSE,FALSE,FALSE,,
From Monument To Masses,FALSE,FALSE,FALSE,,
Fruit Bats,FALSE,FALSE,FALSE,,
Fugazi,FALSE,FALSE,FALSE,,
Further Seems Forever,FALSE,FALSE,FALSE,,
Gang Starr,FALSE,FALSE,FALSE,,
Gary Jules,FALSE,FALSE,FALSE,,
"Gary Jules,Michael Andrews",FALSE,FALSE,FALSE,,
Gerard Way,FALSE,FALSE,FALSE,,
Giles Corey,FALSE,FALSE,FALSE,,
"Girl Talk,Bas",FALSE,FALSE,FALSE,,
"Glass Animals,Denzel Curry",FALSE,FALSE,FALSE,,
"Glass Animals,Joey Bada$$",FALSE,FALSE,FALSE,,
"Glass Animals,Tei Shi",FALSE,FALSE,FALSE,,
Go Radio,FALSE,FALSE,FALSE,,
Godly the Ruler,FALSE,FALSE,FALSE,,
"Goodnight, Texas",FALSE,FALSE,FALSE,,
"Gorillaz,Bootie Brown",FALSE,FALSE,FALSE,,
"Gorillaz,De La Soul,Kelvin Mercer",FALSE,FALSE,FALSE,,
"Gorillaz,Martina Topley-Bird,Roots Manuva",FALSE,FALSE,FALSE,,
"Gorillaz,Mavis Staples,Pusha T",FALSE,FALSE,FALSE,,
"Gorillaz,Vince Staples",FALSE,FALSE,FALSE,,
Grand Funk Railroad,FALSE,FALSE,FALSE,,
Grand Ole Party,FALSE,FALSE,FALSE,,
Gravediggaz,FALSE,FALSE,FALSE,,
Great Lake Swimmers,FALSE,FALSE,FALSE,,
Greydon Square,FALSE,FALSE,FALSE,,
"Gucci Mane,Bruno Mars,Kodak Black",FALSE,FALSE,FALSE,,
"Gucci Mane,Migos",FALSE,FALSE,FALSE,,
"Gucci Mane,Offset",FALSE,FALSE,FALSE,,
"Gucci Mane,Rich The Kid,OG Maco",FALSE,FALSE,FALSE,,
GZA,FALSE,FALSE,FALSE,,
"GZA,Masta Killa,Dreddy Kruger,Inspectah Deck,Ol' Dirty Bastard",FALSE,FALSE,FALSE,,
"GZA,Method Man",FALSE,FALSE,FALSE,,
"GZA,RZA,Ghostface Killah,Killah Priest",FALSE,FALSE,FALSE,,
Ha Ha Tonka,FALSE,FALSE,FALSE,,
Hail Mary Mallon,FALSE,FALSE,FALSE,,
Hanni El Khatib,FALSE,FALSE,FALSE,,
Hayseed Dixie,FALSE,FALSE,FALSE,,
He Is Legend,FALSE,FALSE,FALSE,,
Highly Suspect,FALSE,FALSE,FALSE,,
Hjaltalín,FALSE,FALSE,FALSE,,
Hollerado,FALSE,FALSE,FALSE,,
Hombres G,FALSE,FALSE,FALSE,,
Honningbarna,FALSE,FALSE,FALSE,,
Hop Along,FALSE,FALSE,FALSE,,
Hopsin,FALSE,FALSE,FALSE,,
"Hopsin,Dax",FALSE,FALSE,FALSE,,
Hum,FALSE,FALSE,FALSE,,
Ian Gillan,FALSE,FALSE,FALSE,,
"Ian Gillan,Barry Dennen",FALSE,FALSE,FALSE,,
Ice Cube,FALSE,FALSE,FALSE,,
"Ice Cube,Das EFX",FALSE,FALSE,FALSE,,
"Ice Cube,Mack 10,Ms. Toi",FALSE,FALSE,FALSE,,
ICECOLDBISHOP,FALSE,FALSE,FALSE,,
Illinois,FALSE,FALSE,FALSE,,
"Immortal Technique,Brother Ali,Killer Mike,Chuck D",FALSE,FALSE,FALSE,,
"Immortal Technique,DJ Black Panther",FALSE,FALSE,FALSE,,
"Immortal Technique,Jean Grae",FALSE,FALSE,FALSE,,
"insaneintherainmusic,Brandon Miles Shelton,Chris Allison,Adrisaurus",FALSE,FALSE,FALSE,,
"Interpol,Makaya McCraven",FALSE,FALSE,FALSE,,
Iron & Wine,FALSE,FALSE,FALSE,,
IRONTOM,FALSE,FALSE,FALSE,,
J-Kwon,FALSE,FALSE,FALSE,,
"J. Cole,Amber Coffman,Cults",FALSE,FALSE,FALSE,,
"J. Worra,Shift K3Y",FALSE,FALSE,FALSE,,
"Jack White,Alicia Keys",FALSE,FALSE,FALSE,,
"Jaden,Christian Rich",FALSE,FALSE,FALSE,,
"Jaden,WILLOW",FALSE,FALSE,FALSE,,
"James Blake,André 3000",FALSE,FALSE,FALSE,,
"James Blake,Chance the Rapper",FALSE,FALSE,FALSE,,
"James Blake,RZA",FALSE,FALSE,FALSE,,
Japandroids,FALSE,FALSE,FALSE,,
Jason Isbell,FALSE,FALSE,FALSE,,
"Jay 305,Girl Talk",FALSE,FALSE,FALSE,,
Jay Rock,FALSE,FALSE,FALSE,,
"Jay Rock,Kendrick Lamar,Future,James Blake",FALSE,FALSE,FALSE,,
"JAY-Z,Alicia Keys",FALSE,FALSE,FALSE,,
"JAY-Z,Beyoncé",FALSE,FALSE,FALSE,,
"JAY-Z,Eminem",FALSE,FALSE,FALSE,,
"JAY-Z,Freeway",FALSE,FALSE,FALSE,,
"JAY-Z,Justin Timberlake",FALSE,FALSE,FALSE,,
"JAY-Z,Kanye West,Frank Ocean,The-Dream",FALSE,FALSE,FALSE,,
"JAY-Z,Kanye West,Otis Redding",FALSE,FALSE,FALSE,,
"JAY-Z,Rihanna,Kanye West",FALSE,FALSE,FALSE,,
"Jedi Mind Tricks,Army Of The Pharaohs,Apathy,King Syze,Crypt The Warchild,Des Devious,The Esoteric,Chief Kamachi,Planetary,Celph Titled,Vinnie Paz",FALSE,FALSE,FALSE,,
"Jedi Mind Tricks,ILL BILL",FALSE,FALSE,FALSE,,
"Jedi Mind Tricks,R.A. The Rugged Man",FALSE,FALSE,FALSE,,
"Jedi Mind Tricks,Young Zee,Pacewon",FALSE,FALSE,FALSE,,
"Jeezy,Kanye West",FALSE,FALSE,FALSE,,
"Jeezy,Nas",FALSE,FALSE,FALSE,,
Jeff Buckley,FALSE,FALSE,FALSE,,
"Jeffrey Lewis,Jack Lewis,Anders Griffen",FALSE,FALSE,FALSE,,
Jennifer Ann,FALSE,FALSE,FALSE,,
Jenny,FALSE,FALSE,FALSE,,
Jenny Lewis,FALSE,FALSE,FALSE,,
Jenny Owen Youngs,FALSE,FALSE,FALSE,,
"Jermaine Dupri,Ludacris",FALSE,FALSE,FALSE,,
Jesse Stewart,FALSE,FALSE,FALSE,,
jev.,FALSE,FALSE,FALSE,,
"JID,A$AP Ferg",FALSE,FALSE,FALSE,,
"JID,J. Cole",FALSE,FALSE,FALSE,,
"JID,Kenny Mason",FALSE,FALSE,FALSE,,
Jidenna,FALSE,FALSE,FALSE,,
Jimi Hendrix,FALSE,FALSE,FALSE,,
"Joe Hisaishi,Angèle Dubeau,La Pietà",FALSE,FALSE,FALSE,,
Joey Purp,FALSE,FALSE,FALSE,,
Joey Valence & Brae,FALSE,FALSE,FALSE,,
John Frusciante,FALSE,FALSE,FALSE,,
"John Legend,Travis Scott,Teyana Taylor,CyHi,Malik Yusef",FALSE,FALSE,FALSE,,
John Paul White,FALSE,FALSE,FALSE,,
"Johnny Flynn,Laura Marling",FALSE,FALSE,FALSE,,
Jonny 5 & Yak,FALSE,FALSE,FALSE,,
Journey,FALSE,FALSE,FALSE,,
Joyce Manor,FALSE,FALSE,FALSE,,
Joyner Lucas,FALSE,FALSE,FALSE,,
"Joywave,KOPPS",FALSE,FALSE,FALSE,,
JPEGMAFIA,FALSE,FALSE,FALSE,,
"JPEGMAFIA,Danny Brown",FALSE,FALSE,FALSE,,
Juice WRLD,FALSE,FALSE,FALSE,,
"Just Say Plz,Blueprint",FALSE,FALSE,FALSE,,
Justin Cross,FALSE,FALSE,FALSE,,
"Justin Timberlake,JAY-Z",FALSE,FALSE,FALSE,,
"Justin Timberlake,Timbaland",FALSE,FALSE,FALSE,,
"JUVENILE,Lil Wayne,Mannie Fresh",FALSE,FALSE,FALSE,,
"JUVENILE,Mannie Fresh,Lil Wayne",FALSE,FALSE,FALSE,,
K-Ci & JoJo,FALSE,FALSE,FALSE,,
K-OS,FALSE,FALSE,FALSE,,
K-Pop All-Stars,FALSE,FALSE,FALSE,,
KaiL Baxley,FALSE,FALSE,FALSE,,
"Kailee Morgue,KiNG MALA",FALSE,FALSE,FALSE,,
KALEO,FALSE,FALSE,FALSE,,
"KALEO,Vinyl on HBO",FALSE,FALSE,FALSE,,
Kaliii,FALSE,FALSE,FALSE,,
"Kanye West,Big Sean,2 Chainz,Marsha Ambrosius",FALSE,FALSE,FALSE,,
"Kanye West,Big Sean,Pusha T,2 Chainz",FALSE,FALSE,FALSE,,
"Kanye West,Bon Iver",FALSE,FALSE,FALSE,,
"Kanye West,Consequence,Cam'ron",FALSE,FALSE,FALSE,,
"Kanye West,DJ Khaled",FALSE,FALSE,FALSE,,
"Kanye West,DJ Premier",FALSE,FALSE,FALSE,,
"Kanye West,GLC,Consequence",FALSE,FALSE,FALSE,,
"Kanye West,Gucci Mane,Big Sean,2 Chainz,Travis Scott,Yo Gotti,Quavo,Desiigner",FALSE,FALSE,FALSE,,
"Kanye West,Jamie Foxx",FALSE,FALSE,FALSE,,
"Kanye West,JAY-Z,Pusha T,CyHi,Swizz Beatz,RZA",FALSE,FALSE,FALSE,,
"Kanye West,JAY-Z,Rick Ross,Nicki Minaj,Bon Iver",FALSE,FALSE,FALSE,,
"Kanye West,John Legend",FALSE,FALSE,FALSE,,
"Kanye West,Kid Cudi,Raekwon",FALSE,FALSE,FALSE,,
"Kanye West,Lil Pump",FALSE,FALSE,FALSE,,
"Kanye West,PARTYNEXTDOOR",FALSE,FALSE,FALSE,,
"Kanye West,Paul McCartney",FALSE,FALSE,FALSE,,
"Kanye West,Paul Wall,GLC",FALSE,FALSE,FALSE,,
"Kanye West,Pusha T",FALSE,FALSE,FALSE,,
"Kanye West,Pusha T,Ghostface Killah",FALSE,FALSE,FALSE,,
"Kanye West,R. Kelly,Teyana Taylor",FALSE,FALSE,FALSE,,
"Kanye West,Rick Ross",FALSE,FALSE,FALSE,,
"Kanye West,Syleena Johnson",FALSE,FALSE,FALSE,,
"Kanye West,The Game",FALSE,FALSE,FALSE,,
"Kanye West,Theophilus London,Allan Kingdom,Paul McCartney",FALSE,FALSE,FALSE,,
"Kanye West,Travis Scott",FALSE,FALSE,FALSE,,
Karen O,FALSE,FALSE,FALSE,,
Kavinsky,FALSE,FALSE,FALSE,,
Kehlani,FALSE,FALSE,FALSE,,
"Kendrick Lamar,Baby Keem,Sam Dew",FALSE,FALSE,FALSE,,
"Kendrick Lamar,James Fauntleroy,Ronald Isley",FALSE,FALSE,FALSE,,
"Kendrick Lamar,MC Eiht",FALSE,FALSE,FALSE,,
"Kendrick Lamar,Tanna Leone",FALSE,FALSE,FALSE,,
"Kendrick Lamar,U2",FALSE,FALSE,FALSE,,
KennyHoopla,FALSE,FALSE,FALSE,,
"Kid Cudi,JAY-Z",FALSE,FALSE,FALSE,,
"Kid Cudi,MGMT,Ratatat",FALSE,FALSE,FALSE,,
"KIDS SEE GHOSTS,Louis Prima",FALSE,FALSE,FALSE,,
"KIDS SEE GHOSTS,Pusha T",FALSE,FALSE,FALSE,,
Kill It Kid,FALSE,FALSE,FALSE,,
Killer Mike,FALSE,FALSE,FALSE,,
"Killer Mike,André 3000,Eryn Allen Kane,Future",FALSE,FALSE,FALSE,,
"Killer Mike,Blackowned C-Bone,Rock D The Legend,Big Boi",FALSE,FALSE,FALSE,,
"Killer Mike,El-P,thankugoodsir",FALSE,FALSE,FALSE,,
"Kimya Dawson,Aesop Rock,John Darnielle,Nikolai Fraiture",FALSE,FALSE,FALSE,,
"Kina,Adriana Proenza",FALSE,FALSE,FALSE,,
King 810,FALSE,FALSE,FALSE,,
King Fantastic,FALSE,FALSE,FALSE,,
"Kiraw,ARXMANE,Crazy Mano",FALSE,FALSE,FALSE,,
KMFDM,FALSE,FALSE,FALSE,,
Krayzie Bone,FALSE,FALSE,FALSE,,
Kurt Vile,FALSE,FALSE,FALSE,,
"La Coka Nostra,Sick Jacken,Slaine,ILL BILL",FALSE,FALSE,FALSE,,
"La Coka Nostra,Snoop Dogg,Slaine,ILL BILL",FALSE,FALSE,FALSE,,
Larry and His Flask,FALSE,FALSE,FALSE,,
"Latto,Cardi B",FALSE,FALSE,FALSE,,
Laura Marling,FALSE,FALSE,FALSE,,
LAW,FALSE,FALSE,FALSE,,
Lay Bankz,FALSE,FALSE,FALSE,,
LEN,FALSE,FALSE,FALSE,,
Lenny Kravitz,FALSE,FALSE,FALSE,,
"Lice,Aesop Rock,Homeboy Sandman",FALSE,FALSE,FALSE,,
"Lil Dicky,Brain",FALSE,FALSE,FALSE,,
"Lil Dicky,Fetty Wap,Rich Homie Quan",FALSE,FALSE,FALSE,,
"Lil Dicky,Snoop Dogg",FALSE,FALSE,FALSE,,
"Lil Nas X,Billy Ray Cyrus",FALSE,FALSE,FALSE,,
"Lil Nas X,Doja Cat",FALSE,FALSE,FALSE,,
"Lil Nas X,Elton John",FALSE,FALSE,FALSE,,
"Lil Nas X,Megan Thee Stallion",FALSE,FALSE,FALSE,,
"Lil Wayne,Bobby V.,Kidd Kidd",FALSE,FALSE,FALSE,,
"Lil Wayne,Drake",FALSE,FALSE,FALSE,,
"Lil Wayne,Kendrick Lamar",FALSE,FALSE,FALSE,,
"Lil Wayne,Static Major",FALSE,FALSE,FALSE,,
Lil' Troy,FALSE,FALSE,FALSE,,
"Lil' Troy,Yungstar,Fat Pat,Big T",FALSE,FALSE,FALSE,,
"Limp Bizkit,Redman,Method Man,DMX",FALSE,FALSE,FALSE,,
"Linkin Park,Chali 2na,The Alchemist",FALSE,FALSE,FALSE,,
"Linkin Park,Daron Malakian",FALSE,FALSE,FALSE,,
"Linkin Park,DJ Babu,Pharoahe Monch,Evidence",FALSE,FALSE,FALSE,,
"Linkin Park,Patrick Lawrence Zappia",FALSE,FALSE,FALSE,,
"Linkin Park,Pusha T,Stormzy",FALSE,FALSE,FALSE,,
"Linkin Park,Rakim",FALSE,FALSE,FALSE,,
"Linkin Park,Tom Morello",FALSE,FALSE,FALSE,,
Lit,FALSE,FALSE,FALSE,,
Little Simz,FALSE,FALSE,FALSE,,
LMFAO,FALSE,FALSE,FALSE,,
"Logic,Big Sean",FALSE,FALSE,FALSE,,
London Grammar,FALSE,FALSE,FALSE,,
Look Homeward,FALSE,FALSE,FALSE,,
Los Campesinos!,FALSE,FALSE,FALSE,,
Lou Bega,FALSE,FALSE,FALSE,,
Louis XIV,FALSE,FALSE,FALSE,,
"Louis XIV,Jason Hill,Brian Karscig",FALSE,FALSE,FALSE,,
Lovejoy,FALSE,FALSE,FALSE,,
"Ludacris,Infamous 2-0,Lil Fate,Three 6 Mafia",FALSE,FALSE,FALSE,,
"Ludacris,Mystikal,I-20",FALSE,FALSE,FALSE,,
"Ludacris,Nate Dogg",FALSE,FALSE,FALSE,,
"Ludacris,Shawnna,Lil Fate,2 Chainz,I-20",FALSE,FALSE,FALSE,,
"Ludwig van Beethoven,London Piano Consort",FALSE,FALSE,FALSE,,
"Lupe Fiasco,Ayesha Jaco",FALSE,FALSE,FALSE,,
"Lupe Fiasco,Bishop G,Nikki Jean",FALSE,FALSE,FALSE,,
"Lupe Fiasco,Crystal Røvél"" Torres""",FALSE,FALSE,FALSE,,
"Lupe Fiasco,Gemstones,Graham Burris",FALSE,FALSE,FALSE,,
"Lupe Fiasco,JAY-Z",FALSE,FALSE,FALSE,,
"Lupe Fiasco,Jill Scott",FALSE,FALSE,FALSE,,
"Lupe Fiasco,Jonah Matranga",FALSE,FALSE,FALSE,,
"Lupe Fiasco,Nayirah",FALSE,FALSE,FALSE,,
"Lupe Fiasco,Skylar Grey",FALSE,FALSE,FALSE,,
"Lupe Fiasco,UNKLE",FALSE,FALSE,FALSE,,
M83,FALSE,FALSE,FALSE,,
Macy Gray,FALSE,FALSE,FALSE,,
Made Out Of Babies,FALSE,FALSE,FALSE,,
Madeline,FALSE,FALSE,FALSE,,
"Manchester Orchestra, Frightened Rabbit",FALSE,FALSE,FALSE,,
Måneskin,FALSE,FALSE,FALSE,,
Marcy Playground,FALSE,FALSE,FALSE,,
Marian Hill,FALSE,FALSE,FALSE,,
Marilyn Manson,FALSE,FALSE,FALSE,,
"Marshmello,Brent Faiyaz",FALSE,FALSE,FALSE,,
Mason Jennings,FALSE,FALSE,FALSE,,
Matt and Kim,FALSE,FALSE,FALSE,,
Mayday Parade,FALSE,FALSE,FALSE,,
MC Abdul,FALSE,FALSE,FALSE,,
"Meek Mill,Drake",FALSE,FALSE,FALSE,,
"Meek Mill,Jhené Aiko,Ludwig Göransson",FALSE,FALSE,FALSE,,
"Meek Mill,Lil Snupe,French Montana",FALSE,FALSE,FALSE,,
"Meek Mill,Tony Lanez",FALSE,FALSE,FALSE,,
mehro,FALSE,FALSE,FALSE,,
Mel Tormé,FALSE,FALSE,FALSE,,
Mercuzio Pianist,FALSE,FALSE,FALSE,,
Metallica,FALSE,FALSE,FALSE,,
"Metric,Brie Larson",FALSE,FALSE,FALSE,,
"Metro Boomin,21 Savage",FALSE,FALSE,FALSE,,
MF DOOM,FALSE,FALSE,FALSE,,
"Michael Salvatori,Martin O'Donnell",FALSE,FALSE,FALSE,,
"Mick Jagger,Keith Richards,Angèle Dubeau",FALSE,FALSE,FALSE,,
Microwave,FALSE,FALSE,FALSE,,
Middle Brother,FALSE,FALSE,FALSE,,
Midge Ure,FALSE,FALSE,FALSE,,
Migos,FALSE,FALSE,FALSE,,
"Migos,21 Savage",FALSE,FALSE,FALSE,,
"Migos,Lil Uzi Vert",FALSE,FALSE,FALSE,,
Miike Snow,FALSE,FALSE,FALSE,,
Mike Shinoda,FALSE,FALSE,FALSE,,
"Mike WiLL Made-It,A$AP Rocky,A$AP Ferg,Nicki Minaj",FALSE,FALSE,FALSE,,
"Mike WiLL Made-It,Eearz,Gucci Mane,YG,Trouble,Quavo,Juicy J",FALSE,FALSE,FALSE,,
"Mike WiLL Made-It,Lil Wayne",FALSE,FALSE,FALSE,,
"Mike WiLL Made-It,Nas,Rick Ross",FALSE,FALSE,FALSE,,
Miles Benjamin Anthony Robinson,FALSE,FALSE,FALSE,,
Milo,FALSE,FALSE,FALSE,,
Mimicking Birds,FALSE,FALSE,FALSE,,
"Mini Mansions,Alex Turner",FALSE,FALSE,FALSE,,
Miracle Musical,FALSE,FALSE,FALSE,,
Missy Elliott,FALSE,FALSE,FALSE,,
Mister Heavenly,FALSE,FALSE,FALSE,,
mitsaras kostopoulenios,FALSE,FALSE,FALSE,,
Mobb Deep,FALSE,FALSE,FALSE,,
Modern Chemistry,FALSE,FALSE,FALSE,,
Mogwai,FALSE,FALSE,FALSE,,
"Moneybagg Yo,Future",FALSE,FALSE,FALSE,,
"Monty Datta,Mishaal Tamer",FALSE,FALSE,FALSE,,
Mos Def,FALSE,FALSE,FALSE,,
"Mount Eerie,Julie Doiron,Fred Squire",FALSE,FALSE,FALSE,,
Mountain Faith,FALSE,FALSE,FALSE,,
Mr. Gnome,FALSE,FALSE,FALSE,,
"Mr. Muthafuckin' eXquire,Despot,KOOL A.D.,Heems,Danny Brown,El-P",FALSE,FALSE,FALSE,,
"Murray Head,Alan Doggett",FALSE,FALSE,FALSE,,
"Murray Head,The Trinidad Singers",FALSE,FALSE,FALSE,,
"Murs,E-40",FALSE,FALSE,FALSE,,
"Murs,King Fantastic",FALSE,FALSE,FALSE,,
Museum,FALSE,FALSE,FALSE,,
"Nas,Ms. Lauryn Hill",FALSE,FALSE,FALSE,,
"Nas,Olu Dara",FALSE,FALSE,FALSE,,
Neil Diamond,FALSE,FALSE,FALSE,,
"Nelly,City Spud",FALSE,FALSE,FALSE,,
"Nelly,Paul Wall,Ali & Gipp",FALSE,FALSE,FALSE,,
New Radicals,FALSE,FALSE,FALSE,,
"Nick Cave & The Bad Seeds,Kylie Minogue",FALSE,FALSE,FALSE,,
"Nick Cave,Warren Ellis",FALSE,FALSE,FALSE,,
Night Gaunts,FALSE,FALSE,FALSE,,
Noah Gundersen,FALSE,FALSE,FALSE,,
Nobuo Uematsu,FALSE,FALSE,FALSE,,
"Non Phixion,ILL BILL,Lord Goat,The Deftones,Fear Factory,Necro",FALSE,FALSE,FALSE,,
Non Prophets,FALSE,FALSE,FALSE,,
O'Brother,FALSE,FALSE,FALSE,,
"Obie Trice,50 Cent,Eminem",FALSE,FALSE,FALSE,,
Off With Their Heads,FALSE,FALSE,FALSE,,
OG Maco,FALSE,FALSE,FALSE,,
Oingo Boingo,FALSE,FALSE,FALSE,,
Okay,FALSE,FALSE,FALSE,,
Ol' Dirty Bastard,FALSE,FALSE,FALSE,,
Old Crow Medicine Show,FALSE,FALSE,FALSE,,
Oliver Tree,FALSE,FALSE,FALSE,,
Omar Rodríguez-López,FALSE,FALSE,FALSE,,
Orchestra Of Jesus Christ Superstar,FALSE,FALSE,FALSE,,
"Otaku,LoFi Waiter",FALSE,FALSE,FALSE,,
Ours,FALSE,FALSE,FALSE,,
Ozma,FALSE,FALSE,FALSE,,
P!nk,FALSE,FALSE,FALSE,,
"P.O.S,Lady Midnight",FALSE,FALSE,FALSE,,
"PA Sports,Sido,Haftbefehl,Alies",FALSE,FALSE,FALSE,,
"Panic! At The Disco,LOLO",FALSE,FALSE,FALSE,,
Papa Roach,FALSE,FALSE,FALSE,,
Paper Rival,FALSE,FALSE,FALSE,,
Paramore,FALSE,FALSE,FALSE,,
Pastor Troy,FALSE,FALSE,FALSE,,
Paul Baribeau,FALSE,FALSE,FALSE,,
Penelope Scott,FALSE,FALSE,FALSE,,
Peter Bjorn and John,FALSE,FALSE,FALSE,,
Pharoahe Monch,FALSE,FALSE,FALSE,,
"Philter,Miriam Vaga",FALSE,FALSE,FALSE,,
Pianos Become The Teeth,FALSE,FALSE,FALSE,,
"Placebo,Alison Mosshart",FALSE,FALSE,FALSE,,
Plague Vendor,FALSE,FALSE,FALSE,,
Plain White T's,FALSE,FALSE,FALSE,,
Pokémon,FALSE,FALSE,FALSE,,
Poppy,FALSE,FALSE,FALSE,,
Portugal. The Man,FALSE,FALSE,FALSE,,
Propagandhi,FALSE,FALSE,FALSE,,
PSY,FALSE,FALSE,FALSE,,
Puddle Of Mudd,FALSE,FALSE,FALSE,,
Pulp,FALSE,FALSE,FALSE,,
"Pusha T,Clipse,Nigo",FALSE,FALSE,FALSE,,
"Pusha T,JAY-Z,Pharrell Williams",FALSE,FALSE,FALSE,,
"Pusha T,Kendrick Lamar",FALSE,FALSE,FALSE,,
"Pusha T,Nigo",FALSE,FALSE,FALSE,,
"Queen,David Bowie",FALSE,FALSE,FALSE,,
Queens of the Stone Age,FALSE,FALSE,FALSE,,
"Quindon Tarver,Josh Abrahams",FALSE,FALSE,FALSE,,
"R.A. The Rugged Man,Ghostface Killah,Masta Killa,Kool G Rap,XX3eme",FALSE,FALSE,FALSE,,
R.L. Burnside,FALSE,FALSE,FALSE,,
rachel kann,FALSE,FALSE,FALSE,,
Radical Face,FALSE,FALSE,FALSE,,
"Raekwon,Pusha T,Common,2 Chainz,CyHi,Kid Cudi,D'banj",FALSE,FALSE,FALSE,,
Rainbow Kitten Surprise,FALSE,FALSE,FALSE,,
"Ramin Djawadi,The Hold Steady",FALSE,FALSE,FALSE,,
Rasputina,FALSE,FALSE,FALSE,,
Rayland Baxter,FALSE,FALSE,FALSE,,
RDGLDGRN,FALSE,FALSE,FALSE,,
Red Hot Chili Peppers,FALSE,FALSE,FALSE,,
Relient K,FALSE,FALSE,FALSE,,
Rhythm Spectacle,FALSE,FALSE,FALSE,,
"Rich Brian,Bekon",FALSE,FALSE,FALSE,,
"Rich Brian,RZA",FALSE,FALSE,FALSE,,
Richie Branson,FALSE,FALSE,FALSE,,
Richie Cunning,FALSE,FALSE,FALSE,,
"Rick Ross,A Boogie Wit da Hoodie,Denzel Curry",FALSE,FALSE,FALSE,,
"Rick Ross,Kanye West,Big Sean",FALSE,FALSE,FALSE,,
"Rick Ross,Styles P",FALSE,FALSE,FALSE,,
"Rob $tone,J. Davi$,J Spooks",FALSE,FALSE,FALSE,,
Robert Blake / Erik Petersen,FALSE,FALSE,FALSE,,
Robert DeLong,FALSE,FALSE,FALSE,,
"Robert DeLong,K.Flay",FALSE,FALSE,FALSE,,
Rocket From The Crypt,FALSE,FALSE,FALSE,,
"Run The Jewels,Aqua Teen Hunger Force",FALSE,FALSE,FALSE,,
"Run The Jewels,El-P,Killer Mike",FALSE,FALSE,FALSE,,
"Run The Jewels,El-P,Killer Mike,Greg Nice,DJ Premier",FALSE,FALSE,FALSE,,
"Run The Jewels,El-P,Killer Mike,Zack De La Rocha,Pharrell Williams",FALSE,FALSE,FALSE,,
"Run The Jewels,Joi",FALSE,FALSE,FALSE,,
"Run The Jewels,Zack De La Rocha",FALSE,FALSE,FALSE,,
"Run–D.M.C.,Aerosmith",FALSE,FALSE,FALSE,,
"S.I. Istwa,Father John Misty",FALSE,FALSE,FALSE,,
SadBoyProlific,FALSE,FALSE,FALSE,,
"SadBoyProlific,ivri",FALSE,FALSE,FALSE,,
Said The Whale,FALSE,FALSE,FALSE,,
Saint Asonia,FALSE,FALSE,FALSE,,
Sam Airey,FALSE,FALSE,FALSE,,
"Santana,Rob Thomas",FALSE,FALSE,FALSE,,
Sara Bareilles,FALSE,FALSE,FALSE,,
Satellite High,FALSE,FALSE,FALSE,,
"Savage Ga$p,KAMAARA,SXMPRA",FALSE,FALSE,FALSE,,
Scale The Summit,FALSE,FALSE,FALSE,,
"ScHoolboy Q,2 Chainz,Saudi",FALSE,FALSE,FALSE,,
"ScHoolboy Q,Kanye West",FALSE,FALSE,FALSE,,
"ScHoolboy Q,Vince Staples",FALSE,FALSE,FALSE,,
Screaming Females,FALSE,FALSE,FALSE,,
Sea Wolf,FALSE,FALSE,FALSE,,
Sean Kingston,FALSE,FALSE,FALSE,,
Secret Broadcast,FALSE,FALSE,FALSE,,
Self,FALSE,FALSE,FALSE,,
Semisonic,FALSE,FALSE,FALSE,,
Seratones,FALSE,FALSE,FALSE,,
Shaggy,FALSE,FALSE,FALSE,,
"Shaggy,Rik Rok",FALSE,FALSE,FALSE,,
Shawn Lee's Ping Pong Orchestra,FALSE,FALSE,FALSE,,
Sheck Wes,FALSE,FALSE,FALSE,,
Shellac,FALSE,FALSE,FALSE,,
SHONE,FALSE,FALSE,FALSE,,
Sick Puppies,FALSE,FALSE,FALSE,,
Sigrid,FALSE,FALSE,FALSE,,
"Silverstein,Down With Webster",FALSE,FALSE,FALSE,,
Simon & Garfunkel,FALSE,FALSE,FALSE,,
Sisqo,FALSE,FALSE,FALSE,,
Sixpence None The Richer,FALSE,FALSE,FALSE,,
SkinBone,FALSE,FALSE,FALSE,,
"Skrillex,Kendrick Lamar",FALSE,FALSE,FALSE,,
"Skrillex,Missy Elliott,Mr. Oizo",FALSE,FALSE,FALSE,,
"Slaughterhouse,The New Royales",FALSE,FALSE,FALSE,,
Sleep Token,FALSE,FALSE,FALSE,,
"Sleepy Hallow,Fousheé",FALSE,FALSE,FALSE,,
Snoop Dogg,FALSE,FALSE,FALSE,,
"Snowgoons,Lord Lhus of Bloodline,Singapore Kane,Slaine",FALSE,FALSE,FALSE,,
SOB X RBE,FALSE,FALSE,FALSE,,
Sole,FALSE,FALSE,FALSE,,
Sorority Noise,FALSE,FALSE,FALSE,,
Soulja Boy,FALSE,FALSE,FALSE,,
Spanish Love Songs,FALSE,FALSE,FALSE,,
"Spillage Village,EARTHGANG,JID,Jurdan Bryant,Mereba,Hollywood JB",FALSE,FALSE,FALSE,,
Spose,FALSE,FALSE,FALSE,,
Squalloscope,FALSE,FALSE,FALSE,,
Squid The Whale,FALSE,FALSE,FALSE,,
Stan Getz,FALSE,FALSE,FALSE,,
"State Radio,Chadwick Stokes",FALSE,FALSE,FALSE,,
Stop Light Observations,FALSE,FALSE,FALSE,,
Story Of The Year,FALSE,FALSE,FALSE,,
"String Player Gamer,Diwa de Leon",FALSE,FALSE,FALSE,,
Stroke 9,FALSE,FALSE,FALSE,,
Stromae,FALSE,FALSE,FALSE,,
Styx,FALSE,FALSE,FALSE,,
Sufjan Stevens,FALSE,FALSE,FALSE,,
Sun Kil Moon,FALSE,FALSE,FALSE,,
Sushi Soucy,FALSE,FALSE,FALSE,,
"Swishahouse,Paul Wall",FALSE,FALSE,FALSE,,
Switchfoot,FALSE,FALSE,FALSE,,
"Symba,Pusha T",FALSE,FALSE,FALSE,,
"T-Docc,Lil Wayne",FALSE,FALSE,FALSE,,
T-Pain,FALSE,FALSE,FALSE,,
"T.I.,Drake",FALSE,FALSE,FALSE,,
"T.I.,Eminem",FALSE,FALSE,FALSE,,
"T.I.,John Legend",FALSE,FALSE,FALSE,,
"T.I.,Justin Timberlake",FALSE,FALSE,FALSE,,
"T.I.,Kanye West,Kid Cudi",FALSE,FALSE,FALSE,,
"T.I.,Kanye West,Lil Wayne",FALSE,FALSE,FALSE,,
"T.I.,Ludacris,B.o.B",FALSE,FALSE,FALSE,,
"T.I.,Mitchelle'l,Scarface",FALSE,FALSE,FALSE,,
"T.I.,Pharrell Williams",FALSE,FALSE,FALSE,,
"T.I.,Rihanna",FALSE,FALSE,FALSE,,
"T.I.,Rocko",FALSE,FALSE,FALSE,,
"T.I.,Swizz Beatz",FALSE,FALSE,FALSE,,
"T.I.,The-Dream",FALSE,FALSE,FALSE,,
"T.I.,USHER",FALSE,FALSE,FALSE,,
"T.I.,Young Dro,Trey Songz",FALSE,FALSE,FALSE,,
Tall Tall Trees,FALSE,FALSE,FALSE,,
Taylor Swift,FALSE,FALSE,FALSE,,
Tech N9ne Collabos,FALSE,FALSE,FALSE,,
Tessa Violet,FALSE,FALSE,FALSE,,
That 1 Guy,FALSE,FALSE,FALSE,,
"That Chick Angel,Saucy Santana,Casa Di,Steve Terrell",FALSE,FALSE,FALSE,,
"That Mexican OT,Paul Wall,DRODi",FALSE,FALSE,FALSE,,
The Academy Is...,FALSE,FALSE,FALSE,,
The Arcs,FALSE,FALSE,FALSE,,
"The Avalanches,Denzel Curry,Tricky,Sampa the Great",FALSE,FALSE,FALSE,,
The Bollox,FALSE,FALSE,FALSE,,
The Cave Singers,FALSE,FALSE,FALSE,,
"The Chainsmokers,Amy Shark",FALSE,FALSE,FALSE,,
The Charlie Daniels Band,FALSE,FALSE,FALSE,,
The Darkness,FALSE,TRUE,FALSE,I believe In a thing called love,
The Dear Hunter,FALSE,FALSE,FALSE,,
The Districts,FALSE,FALSE,FALSE,,
The Dodos,FALSE,FALSE,FALSE,,
The Dudes,FALSE,FALSE,FALSE,,
The Echo-Friendly,FALSE,FALSE,FALSE,,
The Epochs,FALSE,FALSE,FALSE,,
The Evil Exes,FALSE,FALSE,FALSE,,
The Falcon,FALSE,FALSE,FALSE,,
The Family Crest,FALSE,FALSE,FALSE,,
The Felice Brothers,FALSE,FALSE,FALSE,,
The Films,FALSE,FALSE,FALSE,,
The Format,FALSE,FALSE,FALSE,,
The Fray,FALSE,FALSE,FALSE,,
The Future Kings of Nowhere,FALSE,FALSE,FALSE,,
"The Game,Kanye West",FALSE,FALSE,FALSE,,
The Goo Goo Dolls,FALSE,FALSE,FALSE,,
The Hush Sound,FALSE,FALSE,FALSE,,
The Interrupters,FALSE,FALSE,FALSE,,
The Jane Austen Argument,FALSE,FALSE,FALSE,,
The Jim Carroll Band,FALSE,FALSE,FALSE,,
The Living Statues,FALSE,FALSE,FALSE,,
The London Suede,FALSE,FALSE,FALSE,,
The Lonely Forest,FALSE,FALSE,FALSE,,
"The Lonely Island,Adam Levine",FALSE,FALSE,FALSE,,
"The Lonely Island,Justin Timberlake",FALSE,FALSE,FALSE,,
"The Lonely Island,Linkin Park",FALSE,FALSE,FALSE,,
"The Lonely Island,T-Pain",FALSE,FALSE,FALSE,,
The Lumineers,FALSE,FALSE,FALSE,,
The Mighty Mighty Bosstones,FALSE,FALSE,FALSE,,
The Morning Benders,FALSE,FALSE,FALSE,,
The Mowgli's,FALSE,FALSE,FALSE,,
The Murder City Devils,FALSE,FALSE,FALSE,,
The Orphan Brigade,FALSE,FALSE,FALSE,,
The Parlor Mob,FALSE,FALSE,FALSE,,
The Piano Guys,FALSE,FALSE,FALSE,,
The Postal Service,FALSE,FALSE,FALSE,,
The Presidents Of The United States Of America,FALSE,FALSE,FALSE,,
The Pretty Reckless,FALSE,FALSE,FALSE,,
The Proclaimers,FALSE,FALSE,FALSE,,
The Shivers,FALSE,FALSE,FALSE,,
The Stanfields,FALSE,FALSE,FALSE,,
The Starting Line,FALSE,FALSE,FALSE,,
The Static Jacks,FALSE,FALSE,FALSE,,
The Submarines,FALSE,FALSE,FALSE,,
"The Submarines,Amp Live",FALSE,FALSE,FALSE,,
The Sword,FALSE,FALSE,FALSE,,
The Unicorns,FALSE,FALSE,FALSE,,
The Vaccines,FALSE,FALSE,FALSE,,
The Vaselines,FALSE,FALSE,FALSE,,
The Von Bondies,FALSE,FALSE,FALSE,,
The Weeks,FALSE,FALSE,FALSE,,
The Who,FALSE,FALSE,FALSE,,
The Wonder Years,FALSE,FALSE,FALSE,,
"The-Dream,Pusha T,Ma$e,Cocaine 80s",FALSE,FALSE,FALSE,,
They Might Be Giants,FALSE,FALSE,FALSE,,
"Thomas Adès,Calder Quartet",FALSE,FALSE,FALSE,,
Thomas Giles,FALSE,FALSE,FALSE,,
"Three 6 Mafia,UGK,Project Pat",FALSE,FALSE,FALSE,,
Tigers Jaw,FALSE,FALSE,FALSE,,
Tim Barry,FALSE,FALSE,FALSE,,
Tina Turner,FALSE,FALSE,FALSE,,
"Tobe Nwigwe,Coast Contra",FALSE,FALSE,FALSE,,
"Tobe Nwigwe,D Smoke",FALSE,FALSE,FALSE,,
"Tobe Nwigwe,EARTHGANG,Duckwrth",FALSE,FALSE,FALSE,,
"Tobe Nwigwe,Pharrell Williams,EARTHGANG,Fat Nwigwe",FALSE,FALSE,FALSE,,
Toby Keith,FALSE,FALSE,FALSE,,
Tom Gabel,FALSE,FALSE,FALSE,,
Tom Waits,FALSE,FALSE,FALSE,,
Townes Van Zandt,FALSE,FALSE,FALSE,,
Trampled by Turtles,FALSE,TRUE,FALSE,Wait So Long,
Trapt,FALSE,FALSE,FALSE,,
Travis Scott,FALSE,FALSE,FALSE,,
Trigga500k,FALSE,FALSE,FALSE,,
Trippie Redd,FALSE,FALSE,FALSE,,
Trocadero,FALSE,FALSE,FALSE,,
Tsunami Bomb,FALSE,FALSE,FALSE,,
Turbowolf,FALSE,FALSE,FALSE,,
Turisas,FALSE,FALSE,FALSE,,
Two Tongues,FALSE,FALSE,FALSE,,
Tyga,FALSE,FALSE,FALSE,,
"Tyler, The Creator,42 Dugg",FALSE,FALSE,FALSE,,
"Tyler, The Creator,DAISY WORLD",FALSE,FALSE,FALSE,,
"Tyler, The Creator,DJ Drama",FALSE,FALSE,FALSE,,
"Tyler, The Creator,Domo Genesis",FALSE,FALSE,FALSE,,
"Tyler, The Creator,Domo Genesis,Earl Sweatshirt",FALSE,FALSE,FALSE,,
"Tyler, The Creator,Lil Uzi Vert,Pharrell Williams",FALSE,FALSE,FALSE,,
"Tyler, The Creator,Lil Wayne",FALSE,FALSE,FALSE,,
"Tyler, The Creator,Nigo",FALSE,FALSE,FALSE,,
"Tyler, The Creator,Teezo Touchdown",FALSE,FALSE,FALSE,,
"Tyler, The Creator,Vince Staples",FALSE,FALSE,FALSE,,
"Tyler, The Creator,YoungBoy Never Broke Again,Ty Dolla $ign",FALSE,FALSE,FALSE,,
"UGK,Outkast",FALSE,FALSE,FALSE,,
"Until The Ribbon Breaks,Run The Jewels",FALSE,FALSE,FALSE,,
"Vampire Weekend,Danny Brown,Heems,Despot",FALSE,FALSE,FALSE,,
Vance Joy,FALSE,FALSE,FALSE,,
Vandaveer,FALSE,FALSE,FALSE,,
Vermillion Lies,FALSE,FALSE,FALSE,,
"VIC MENSA,Kanye West",FALSE,FALSE,FALSE,,
"Victor Brox,Choir,Murray Head",FALSE,FALSE,FALSE,,
"Victor Brox,Ian Gillan,Barry Dennen",FALSE,FALSE,FALSE,,
"Victor Brox,Paul Davis,Ian Gillan,Brian Keith,Murray Head",FALSE,FALSE,FALSE,,
Vienna Ditto,FALSE,FALSE,FALSE,,
"Vince Staples,Yugen Blakrok",FALSE,FALSE,FALSE,,
Vitamin C,FALSE,FALSE,FALSE,,
Waka Flocka Flame,FALSE,FALSE,FALSE,,
WALK THE MOON,FALSE,FALSE,FALSE,,
Walter Mitty and His Makeshift Orchestra,FALSE,FALSE,FALSE,,
Warren Zevon,FALSE,FALSE,FALSE,,
Wavves,FALSE,FALSE,FALSE,,
Wax,FALSE,FALSE,FALSE,,
Wax Fang,FALSE,FALSE,FALSE,,
whenyoung,FALSE,FALSE,FALSE,,
White Rabbits,FALSE,TRUE,FALSE,Percussion Gun,
WHY?,FALSE,FALSE,FALSE,,
Wild Yaks,FALSE,FALSE,FALSE,,
"Will Smith,Dru Hill,Kool Moe Dee",FALSE,FALSE,FALSE,,
Windmills,FALSE,FALSE,FALSE,,
Wingnut Dishwashers Union,FALSE,FALSE,FALSE,,
Wiz Khalifa,FALSE,FALSE,FALSE,,
Woodkid,FALSE,FALSE,FALSE,,
"Wu-Tang Clan,Del The Funky Homosapien,Aesop Rock",FALSE,FALSE,FALSE,,
"Wu-Tang Clan,Ol' Dirty Bastard,Inspectah Deck,Method Man,Cappadonna,U-God,RZA,GZA,Masta Killa,Ghostface Killah,Raekwon",FALSE,FALSE,FALSE,,
"Wu-Tang Clan,RZA,Ghostface Killah,Raekwon,Inspectah Deck",FALSE,FALSE,FALSE,,
"Wu-Tang Clan,RZA,MF DOOM",FALSE,FALSE,FALSE,,
X Ambassadors,FALSE,FALSE,FALSE,,
"X Ambassadors,Jamie N Commons",FALSE,FALSE,FALSE,,
YG,FALSE,FALSE,FALSE,,
"YG,ScHoolboy Q,Jay Rock",FALSE,FALSE,FALSE,,
"Young Money,Gucci Mane",FALSE,FALSE,FALSE,,
"Young Thug,Jaden",FALSE,FALSE,FALSE,,
"Yung Kuban,Tommy B,The Paper Chase",FALSE,FALSE,FALSE,,
"Yvonne Elliman,Apostles,Murray Head,Ian Gillan",FALSE,FALSE,FALSE,,
"Yvonne Elliman,Ian Gillan",FALSE,FALSE,FALSE,,
Zack De La Rocha,FALSE,FALSE,FALSE,,
Zack Hemsey,FALSE,FALSE,FALSE,,
Zeal & Ardor,FALSE,TRUE,FALSE,Devil is Fine,"Listend to majority of stuff, liked some of it, but didn't love much. Still a few things I didn't listen too"
A$AP Rocky,TRUE,FALSE,FALSE,Lost and Found Freestyle,
